{
  "kind": "torch_mlp_h16",
  "feature_names": [
    "highfreq_std_mean",
    "highfreq_std_median",
    "highfreq_std_std",
    "highfreq_mean_mean",
    "highfreq_mean_median",
    "highfreq_mean_std",
    "edge_mean_mean",
    "edge_mean_median",
    "edge_mean_std",
    "diff_std_mean_mean",
    "diff_std_mean_median",
    "diff_std_mean_std",
    "score_oversmooth_mean",
    "score_oversmooth_median",
    "score_oversmooth_std"
  ],
  "normalization": {
    "mean": [
      0.00042929613846354187,
      0.0004240521520841867,
      8.24787057354115e-05,
      0.03298350051045418,
      0.032957978546619415,
      0.00046725323772989213,
      0.032164886593818665,
      0.03214802220463753,
      0.00048171781236305833,
      0.04773576930165291,
      0.04764464870095253,
      0.005116879474371672,
      0.2757588028907776,
      0.2758839428424835,
      0.005631451494991779
    ],
    "std": [
      0.0002856002247426659,
      0.0002898271777667105,
      6.521823524963111e-05,
      0.027823353186249733,
      0.027829620987176895,
      0.00030197532032616436,
      0.0272042416036129,
      0.027204321697354317,
      0.00031623218092136085,
      0.04243932664394379,
      0.04330255091190338,
      0.005772470962256193,
      0.32618504762649536,
      0.3261602520942688,
      0.00897122547030449
    ]
  },
  "mean": [
    0.00042929613846354187,
    0.0004240521520841867,
    8.24787057354115e-05,
    0.03298350051045418,
    0.032957978546619415,
    0.00046725323772989213,
    0.032164886593818665,
    0.03214802220463753,
    0.00048171781236305833,
    0.04773576930165291,
    0.04764464870095253,
    0.005116879474371672,
    0.2757588028907776,
    0.2758839428424835,
    0.005631451494991779
  ],
  "std": [
    0.0002856002247426659,
    0.0002898271777667105,
    6.521823524963111e-05,
    0.027823353186249733,
    0.027829620987176895,
    0.00030197532032616436,
    0.0272042416036129,
    0.027204321697354317,
    0.00031623218092136085,
    0.04243932664394379,
    0.04330255091190338,
    0.005772470962256193,
    0.32618504762649536,
    0.3261602520942688,
    0.00897122547030449
  ],
  "threshold": 0.99,
  "metrics": {
    "train": {
      "threshold": 0.99,
      "count": 144,
      "positives": 72,
      "negatives": 72,
      "tpr": 0.3472222222222222,
      "fpr": 0.0,
      "accuracy": 0.6736111111111112,
      "true_positive": 25,
      "false_positive": 0
    },
    "val": {
      "threshold": 0.99,
      "count": 32,
      "positives": 16,
      "negatives": 16,
      "tpr": 0.4375,
      "fpr": 0.0,
      "accuracy": 0.71875,
      "true_positive": 7,
      "false_positive": 0
    }
  },
  "dataset": {
    "module_config": "D:\\security_project_c\\experiments\\configs\\module_a_baseline.yaml",
    "positive_dir": "D:\\security_project_c\\materials\\训练素材\\视频\\source_authenticity\\positive",
    "negative_dir": "D:\\security_project_c\\materials\\训练素材\\视频\\source_authenticity\\negative",
    "limit_frames_per_video": 180,
    "min_valid_window": 8,
    "clip_window_frames": 60,
    "clip_stride": 60,
    "n_videos_total": 88,
    "total_clips": 176,
    "train_rows": 144,
    "val_rows": 32,
    "train_videos": 72,
    "val_videos": 16,
    "train_positives": 72,
    "train_negatives": 72,
    "val_positives": 16,
    "val_negatives": 16,
    "n_clips_positive": 88,
    "n_clips_negative": 88,
    "source_features_retained": [
      "highfreq_std",
      "highfreq_mean",
      "edge_mean",
      "diff_std_mean",
      "score_oversmooth"
    ],
    "source_features_dropped": [
      "repeated_ratio",
      "score_repeat",
      "score_local_motion",
      "frame_delta_mean",
      "low_motion_ratio",
      "score_temporal",
      "roi_jitter",
      "score_synthetic_motion",
      "score_roi_jitter",
      "p_synth",
      "score_flicker"
    ],
    "discrimination_report": "D:\\security_project_c\\experiments\\reports\\module_a\\synth_feature_discrimination_20260511_014523.json",
    "n_videos_positive": 44,
    "n_videos_negative": 44,
    "n_frames_processed": 15840,
    "n_frames_kept": 15048
  },
  "training_config": {
    "model_kind": "mlp_h16",
    "val_ratio": 0.2,
    "clip_window_frames": 60,
    "clip_stride": 60,
    "max_epochs": 300,
    "lr": 0.005,
    "weight_decay": 0.0001,
    "seed": 42,
    "auto_threshold": true,
    "configured_threshold": 0.5,
    "target_fpr": 0.05
  },
  "hidden_size": 16,
  "hidden_activation": "relu",