{
  "kind": "torch_mlp_h16",
  "feature_names": [
    "best_static_image_score",
    "best_patch_similarity",
    "best_stable_count_norm",
    "best_center_motion",
    "best_roi_motion",
    "best_context_motion",
    "best_motion_contrast",
    "best_edge_mean",
    "best_screen_like",
    "best_screen_context_edge_mean",
    "best_screen_context_std",
    "best_screen_line_score",
    "best_screen_roi_context_area_ratio",
    "best_screen_inside_person",
    "trigger_count_norm",
    "roi_count_norm"
  ],
  "normalization": {
    "mean": [
      0.3976331353187561,
      0.5529298782348633,
      0.46486496925354004,
      0.0012823085999116302,
      0.01496297400444746,
      0.009107389487326145,
      1.2914979457855225,
      0.027805672958493233,
      0.015970515087246895,
      0.01630582846701145,
      0.10078615695238113,
      0.061138004064559937,
      0.0207630917429924,
      0.0024570024106651545,
      0.0014742015628144145,
      0.5
    ],
    "std": [
      0.3470832407474518,
      0.48268750309944153,
      0.44844210147857666,
      0.007476505823433399,
      0.025373782962560654,
      0.018581507727503777,
      4.220149040222168,
      0.025732923299074173,
      0.12536081671714783,
      0.015448120422661304,
      0.08730244636535645,
      0.06268416345119476,
      0.01780611090362072,
      0.049507610499858856,
      0.017107566818594933,
      1.0
    ]
  },
  "mean": [
    0.3976331353187561,
    0.5529298782348633,
    0.46486496925354004,
    0.0012823085999116302,
    0.01496297400444746,
    0.009107389487326145,
    1.2914979457855225,
    0.027805672958493233,
    0.015970515087246895,
    0.01630582846701145,
    0.10078615695238113,
    0.061138004064559937,
    0.0207630917429924,
    0.0024570024106651545,
    0.0014742015628144145,
    0.5
  ],
  "std": [
    0.3470832407474518,
    0.48268750309944153,
    0.44844210147857666,
    0.007476505823433399,
    0.025373782962560654,
    0.018581507727503777,
    4.220149040222168,
    0.025732923299074173,
    0.12536081671714783,
    0.015448120422661304,
    0.08730244636535645,
    0.06268416345119476,
    0.01780611090362072,
    0.049507610499858856,
    0.017107566818594933,
    1.0
  ],
  "threshold": 0.99,
  "metrics": {
    "train": {
      "threshold": 0.99,
      "count": 814,
      "positives": 384,
      "negatives": 430,
      "tpr": 0.4348958333333333,
      "fpr": 0.0,
      "accuracy": 0.7334152334152334,
      "true_positive": 167,
      "false_positive": 0
    },
    "val": {
      "threshold": 0.99,
      "count": 203,
      "positives": 96,
      "negatives": 107,
      "tpr": 0.3645833333333333,
      "fpr": 0.0,
      "accuracy": 0.6995073891625616,
      "true_positive": 35,
      "false_positive": 0
    },
    "train_event": {
      "threshold": 0.99,
      "videos": 33,
      "positives": 4,
      "negatives": 29,
      "true_positive": 4,
      "false_positive": 0,
      "tpr": 1.0,
      "fpr": 0.0
    },
    "val_event": {
      "threshold": 0.99,
      "videos": 31,
      "positives": 4,
      "negatives": 27,
      "true_positive": 4,
      "false_positive": 0,
      "tpr": 1.0,
      "fpr": 0.0
    }
  },
  "dataset": {
    "features_path": "D:\\security_project_c\\experiments\\runs\\20260511_001212_module_a_static_media_feature_dataset_v1\\features.jsonl",
    "total_rows": 1017,
    "train_rows": 814,
    "val_rows": 203,
    "train_positives": 384,
    "train_negatives": 430,
    "val_positives": 96,
    "val_negatives": 107
  },
  "training_config": {
    "model_kind": "mlp_h16",
    "val_ratio": 0.2,
    "max_epochs": 300,
    "lr": 0.005,
    "weight_decay": 0.0001,
    "seed": 42,
    "auto_threshold": true,
    "configured_threshold": 0.5
  },
  "hidden_size": 16,
  "hidden_activation": "relu",
  "weights1": [
    [
      0.3821282684803009,
      0.2830183506011963,
      0.09047830104827881,
      0.3326480984687805,
      0.30451732873916626,
      -0.2079642415046692,
      -0.046712394803762436,
      0.776724636554718,
      -0.019329098984599113,
      -0.7598062753677368,
      0.3283133804798126,
      0.06435736268758774,
      0.3661293685436249,
      -0.11475609242916107,
      -0.07946676015853882,
      -0.035292163491249084
    ],
    [
      0.5144301056861877,
      0.21877916157245636,
      0.11311585456132889,
      0.7314428687095642,
      0.5103578567504883,
      -0.37650200724601746,
      0.030103633180260658,
      0.9945977926254272,
      -0.33476659655570984,
      -0.6980510354042053,
      0.0812765434384346,
      0.011544965207576752,
      0.21335384249687195,
      -0.3909411132335663,
      0.09557075053453445,
      -0.2123357653617859
    ],
    [
      0.36950773000717163,
      0.14659132063388824,
      0.0774807259440422,
      -0.43253231048583984,
      0.15781551599502563,
      -0.1056889146566391,
      0.11129395663738251,
      0.46842968463897705,
      -0.1596815139055252,
      -0.6066526174545288,
      0.18200407922267914,
      0.2424585074186325,
      0.289520800113678,
      -0.28620103001594543,
      -0.04706251621246338,
      0.044724851846694946
    ],
    [
      0.10828574001789093,
      -0.2127421498298645,
      -0.4603506028652191,
      0.441525399684906,
      0.6293900012969971,
      1.0958290100097656,
      -0.016151374205946922,
      -0.0840257778763771,
      0.38461360335350037,
      0.36319586634635925,
      0.1505529135465622,
      -0.32956039905548096,
      -0.07451646775007248,
      -0.22348450124263763,
      0.3253907263278961,
      -0.08608216047286987
    ],
    [
      -0.04939253255724907,
      -0.17856332659721375,
      0.07514970004558563,
      -0.27385467290878296,
      -0.2677420377731323,
      -0.26467472314834595,
      0.0439797006547451,
      -0.03984678536653519,
      0.5036301612854004,
      -0.3221539556980133,
      -0.3695546090602875,
      -0.30263733863830566,
      -0.2900443971157074,
      0.3653998374938965,
      0.29585424065589905,
      0.20769980549812317
    ],
    [
      0.26385974884033203,
      -0.19227269291877747,
      0.36437010765075684,
      -1.3022871017456055,
      0.9116571545600891,
      -0.5286264419555664,
      0.15195219218730927,
      0.9572135210037231,
      -0.4708394408226013,
      -0.6485902667045593,
      0.2877775728702545,
      -0.23429086804389954,
      0.4511357247829437,
      -0.06569140404462814,
      -0.525857150554657,
      -0.13344916701316833
    ],
    [
      0.3660961389541626,
      0.04639585688710213,
      0.049153972417116165,
      -0.1643393188714981,
      0.004412380047142506,
      0.1216760128736496,
      0.10732994973659515,
      -0.01096138171851635,
      -0.15731461346149445,
      -0.08875621855258942,
      -0.081548310816288,
      -0.015478309243917465,
      -0.08416042476892471,
      -0.043094225227832794,
      0.09973407536745071,
      0.047212034463882446
    ],
    [
      -0.023782365024089813,
      -0.29684653878211975,
      -0.25679144263267517,
      -0.14691084623336792,
      -0.11152969300746918,
      -0.3350020945072174,
      -0.1899699568748474,
      -0.2887314260005951,
      -0.06301628798246384,
      -0.22666718065738678,
      -0.17462219297885895,
      -0.3245304822921753,
      -0.3497444987297058,
      -0.2095390111207962,
      -0.1492711454629898,
      -0.19729340076446533
    ],
    [
      0.18446660041809082,
      0.23428033292293549,
      0.49449753761291504,
      -0.9277933239936829,
      -1.4412583112716675,
      -0.8767205476760864,
      -0.6720176339149475,
      -0.5955798029899597,
      -0.03754841163754463,
      -0.3565506339073181,
      0.09998280555009842,
      0.26784661412239075,
      -0.026957165449857712,
      -0.4098089933395386,
      0.381112277507782,
      -0.18348661065101624
    ],
    [
      -0.12889143824577332,
      0.050111494958400726,
      0.12891091406345367,
      -0.1772787719964981,
      -0.34341755509376526,
